GVP;GEOROC
Abu;ABU VOLCANO GROUP - IRAO,ABU VOLCANO GROUP,GONGENYAMA BASALT
Acoculco;ACOCULCO CALDERA
Adams Seamount;ADAMS
Adatarayama;ADATARA,ADATARAYAMA
Afdera;AFDERA
Agrigan;AGRIGAN
Agua de Pau;AGUA DE PAO
Agua;AGUA
Agung;AGUNG
Ahyi;AHYI
Aira;SAKURAJIMA,AIRA,AIRA PYROCLASTIC FLOW DEPOSIT
Akagisan;AKAGI,AKAGISAN
Akan;AKAN,ME-AKAN-DAKE,OAKAN
Akandanayama;AKANDANAYAMA LAVA
Akita-Komagatake;AKITA-KOMAGATAKE VOLCANIC GROUP
Akita-Yakeyama;AKITA-YAKEYAMA VOLCANIC GROUP
Akusekijima;AKUSEKI-JIMA
Akutan;AKUTAN
Alaid;ALAID
Alamagan;ALAMAGAN
Alayta;ALAYTA
Ale Bagu;ALE BAGU (DALLAFILLA)
Alid;ALID
Alu-Dalafilla;ALU DALAFFILA
Alutu;ALUTO,ALUTO MARECHA UNIT
Ambae;AOBA (=AMBAE)
Ambitle;AMBITLE ISLAND
Ambre-Bobaomby;MASSIF D'AMBRE VOLCANIC FIELD
Ambrym;AMBRYM,AMBRYM (=AMBRIM)
Amsterdam Island;AMSTERDAM ISLAND
Anatahan;ANATAHAN
Aneityum;ANATOM (ANEITYUM)
Aniakchak;ANIAKCHAK
Antuco;ANTUCO
Aogashima;AOGASHIMA
Apagado;APAGADO
Apoyeque;APOYEQUE
Ardoukoba;ARDOUKOBA
Arenal;ARENAL
Asamayama;ASAMA,KUROFUYAMA,ASAMA-EBOSHI VOLCANOES
Ascension;ASCENSION
Askja;ASKJA
Asosan;ASO,OMINE UNIT,KOMEZUKA,OMINE,AKAI,KISHIMADAKE,OZYO-DAKE
Assab Volcanic Field;ASSAB VOLCANIC FIELD
Ata;ATA,ATA,ATA PYROCLASTIC FLOW DEPOSIT,IKEDA PYROCLASTIC FLOW DEPOSIT,KAIMON-DAKE, LAVA,YAMAKAWA LAVA,KAIMON-DAKE DOME LAVA,KIYOMI-DAKE LAVA,NABESHIMA-DAKE LAVA,ATA TEPHRA
Atakor Volcanic Field;ATAKOR VOLCANIC FIELD
Atitlan;ATITLAN
Atka Volcanic Complex;ATKA,KOROVIN
Augustine;AUGUSTINE,AUGUSTINE ISLAND
Avachinsky;AVACHA (AVACHINSKY)
Ayelu;AYELU
Azumayama;AZUMA,AZUMAYAMA
Badi;BADI
Bakening;BAKENING
Bandaisan;BANDAI,BANDAISAN
Barcena;SAN BENEDICTO
Bardarbunga;BARDARBUNGA
Barren Island;BARREN ISLAND
Barrier, The;THE BARRIER
Bazman;BAZMAN
Belknap;BELKNAP
Berlin;MOUNT BERLIN
Berutarubesan [Berutarube];BERUTARUBE
Bezymianny;BEZYMIANNY
Bogoslof;BOGOSLOF
Bora Ale;BORALE,BORALE ALE
Bora-Bericcio;BORA-BARICHA
Boset-Bericha;BOSETI VOLCANIC COMPLEX
Bouvet;BOUVET
Brava;BRAVA
Brennisteinsfjoll;BRENNISTEINSFJOLL
Bristol Island;BRISTOL,FREEZLAND
Brothers;BROTHERS
Buckle Island;BUCKLE ISLAND
Bufumbira;BUFUMBIRA VOLCANIC FIELD
Bufumbira;BUFUMBIRA VOLCANIC FIELD
Bunyaruguru;BUNYARUGURU
Butajiri-Silti Field;BUTAJIRA
Calatrava Volcanic Field;CALATRAVA VOLCANIC PROVINCE
Calbuco;CALBUCO
Cameroon;MOUNT CAMEROON
Campi Flegrei;CAMPI FLEGREI (PHLEGRAEAN FIELDS)
Candlemas Island;CANDLEMAS,VINDICATION
Central Island;CENTRAL ISLAND
Chachadake [Tiatia];TIATIA,TYATYA
Chaine des Puys;CHAINE DES PUYS
Changbaishan;CHANGBAISHAN (BAEKDUSAN
Cherny;CHERNYI
Chichinautzin;CHICHINAUTZIN VOLCANIC FIELD - XITLE,CHICHINAUTZIN VOLCANIC FIELD,CHICHINAUTZIN VOLCANIC FIELD - TUXTEPEC,CHICHINAUTZIN VOLCANIC FIELD - CERRO LA MAGDALENA
Chikurachki;CHIKURACHKI (CHURACHKI)
Chirinkotan;CHIRINKOTAN (SHIRINKOTAN)
Chirippusan [Chirip];CHIRIP MASSIF
Chirpoi;CHIRPOY (CHERNYYE), BRAT SHIRPOEV (BRAT CHIRPOEV)
Chokaisan;CHOKAI,CHOKAISAN
Chyulu Hills;CHYULU HILLS VOLCANIC FIELD
Clark;CLARK
Clear Lake;CLEAR LAKE VOLCANIC FIELD
Cochons, Ile aux;ILE AUX COCHON (HOG ISLAND)
Colima;COLIMA VOLCANIC COMPLEX
Colli Albani;ALBAN HILLS (COLLI ALBANI)
Corbetti Caldera;CORBETTI VOLCANIC SYSTEM
Corvo;CORVO
Cosiguina;COSIGÜINA(COSIGUINA)
Curtis Island;CURTIS
Dabbahu;DABBAHU (BOINA)
Dabbayra;DABBAYRA
Daikoku;DAIKOKU,SOUTH DAIKOKU
Dama Ali;DAMA ALE VOLCANO
Damavand;DAMAVAND
Dariganga Volcanic Field;DARIGANGA VOLCANIC FIELD
Deception Island;DECEPTION
Descabezado Grande;DESCABEZADO GRANDE VOLCANIC FIELD
Dofan;DOFAN
Don Joao de Castro Bank;D. JOAO CASTRO BANK
Dotsero;DOTSERO
Doyo Seamount;DOYO
Dubbi;DUBBI
East Chamo Basin;GAMO-GIDOLE HIGHLAND
East Diamante;DIAMANTE
East Ziway;ASELA-ZIWAY REGION
Easter Island;EASTER ISLAND (RAPA NUI) 
Eastern Gemini Seamount;EASTERN GEMINI
Ebeko;EBEKO
Eburru, Ol Doinyo;EBURRU
Ecuador;ECUADOR
Edgecumbe;MOUNT EDGECUMBE(PUTAUAKI)
Ekarma;EKARMA (AEKARMA)
Eldey;ELDEYARBODI FLOW
Elmenteita Badlands;ELMENTEITA VOLCANIC GROUP (BADLANDS)
Emmons Lake;EMMONS LAKE VOLCANIC CENTER - MOUNT HAGUE,EMMONS LAKE VOLCANIC CENTER - PAVLOF,EMMONS LAKE VOLCANIC CENTER
Emuruangogolak;EMURUANGOGOLAK 
Epi;EPI G,EPI B,EPI C,EPI A,EPI
Erebus;EREBUS LINEAGE,MOUNT EREBUS
Erta Ale;ERTA ALE
Esan;E-SAN,ESAN
Esjufjoll;ESJUFJÖLL
Esmeralda Bank;ESMERALDA BANK
Est, Ile de l';ILE DE L^EST
Etna;ETNA
Etorofu-Atosanupuri [Atosanupuri];ATOSANUPURI
Etorofu-Yakeyama [Grozny Group];IVAN GROZNYI
Eyjafjallajokull;EYJAFJALLAJÖKULL
Farallon de Pajaros;FARALLON DE PAJAROS,DREDGE D19,URACAS
Fayal;FAIAL
Fentale;FANTALE
Fernandina;FERNANDINA (NARBOROUGH)
Flores-Azores;FLORES,FLORES AZORES
Fogo;FOGO
Fonualei;FONUALEI
Forecast Seamount;FORECAST
Fort Portal;FORT PORTAL FIELD
Fremrinamar;FREMRI NAMUR - KETELDYNGJA (KETILDYNGJA),FREMRI NAMUR
Fuego;FUEGO
Fuerteventura;FUERTEVENTURA
Fujisan;FUJI,SHIN-FUJI,KO-FUJI
Fukue;FUKUE-JIMA
Fukujin;FUKUJIN
Fukutoku-Oka-no-Ba;FUKUTOKU
Furnas;FURNAS
Fuss Peak;FUSS
Gabillema;GABILEMA
Gada Ale;GADA ALE
Galeras;GALERAS
Galunggung;GALUNGGUNG
Gamchen;GAMCHEN
Garibaldi;GARIBALDI VOLCANIC BELT,GARIBALDI LAKE VOLCANIC FIELD
Gaua;GAUA (SANTA MARIA)
Gedamsa;GEDEMSA
Genovesa;GENOVESA (TOWER)
Giggenbach;GIGGENBACH
Glacier Peak;GLACIER PEAK
Gorely;GORELY
Graciosa;GRACIOSA
Gran Canaria;GRAN CANARIA
Granada;GRANADA
Grille, La;LA GRILLE
Grimsnes;GRIMSNES
Grimsvotn;GRIMSVÖTN  
Guadalupe;RIO PUERCO VOLCANIC FIELD - CERRO DE GUADALUPE
Guguan;GUGUAN
Hachijojima;HACHIJOJIMA
Hachimantai;HACHIMANTAI,HACHIMANTAI VOLCANIC GROUP
Hainan Volcanic Field;HAINAN ISLAND
Hakkodasan;HAKKODA,HAKKODA-TOWADA CALDERA CLUSTER
Hakoneyama;HAKONE
Hakusan;HAKUSAN,OLDER HAKUSAN,YOUNGER HAKUSAN
Haleakala;HALEAKALA
Hanish;HANISH-ZUKUR VOLCANIC ISLAND GROUP
Harunasan;HARUNA,HARUNASAN
Havre Seamount;HAVRE,HAVRE TROUGH
Hayli Gubbi;HAYLI GUBBI
Healy;HEALY
Heard;HEARD
Heidarspordar;HEIDASPORDUR RIDGE
Hekla;HEKLA
Helgrindur;HELGRINDUR
Hengill;HENGILL (MAELIFELL-MIDFELL) FISSURE SWARMS
Hertali;HERTALI
Hierro;EL HIERRO
Hijiori;HIJIORI PYROCLASTIC FLOW DEPOSIT
Hiuchigatake;HIUCHI,HIUCHIGATAKE
Hodson;MOUNT HODSON,VISOKOI
Hofsjokull;HOFSJÖKULL
Hokkaido-Komagatake;HOKKAIDO-KOMAGATAKE
Homa Mountain;HOMA MOUNTAIN
Home Reef;HOME REEF
Hornopiren;HORNOPIREN
Hualalai;HUALALAI
Huaynaputina;HUAYNAPUTINA
Hudson Mountains;HUDSON MOUNTAINS
Humeros, Los;LOS HUMEROS CALDERA
Hunga Tonga-Hunga Ha'apai;HUNGA TONGA,HUNGA HA'APAI,HUNGA HA^APAI
Hunter Island;HUNTER
Ichinsky;ICHINSKY(ICHINSKII)
Io-Torishima;IWO-DAKE,ITOTORI-JIMA,IO-TORISHIMA
Ioto;IOTO,IWOJIMA,MINAMI-IWOJIMA
Iraya;IRAYA
Irazu;IRAZU
Ischia;ISCHIA
Itasy Volcanic Field;ITASY VOLCANIC FIELD
Iwakisan;IWAKI,IWAKISAN
Iwatesan;IWATE,IWATESAN
Izu-Oshima;IZU-OSHIMA
Izu-Tobu;IZU-TOBU
Izu-Torishima;TORISHIMA,TORISHIMA FORE-ARC
Jan Mayen;JAN MAYEN
Kaikata Seamount; KAIKATA
Kaitoku Seamount;KAITOKU
Kamen;KAMEN
Kao;KAO
Karisimbi;KARISIMBI
Karpinsky Group;KARPINSKII(KARPINSKY)
Karthala;MOUNT KARTHALA,OLD KARTHALA
Karymsky;KARYMSKY
Kasuga 1;KASUGA 1 
Kasuga 2;KASUGA 2
Katla;KATLA
Katmai;KATMAI GROUP
Katunga;KATUNGA
Katwe-Kikorongo;KATWE-KIKORONGO
Kerguelen Islands;KERGUELEN ARCHIPELAGO
Ketoi;KETOI (PALLASA)
Khangar;KHANGAR
Kharimkotan;KHARIMKOTAN
Kikai;KIKAI CALDERA,KIKAIGA-SIMA,KIKAI-TOZUHARA TEPHRA,KIKAI-AKAHOYA ASH
Kilauea;KILAUEA
Kirishimayama;KIRISHIMA,SHINMOE-DAKE
Kita-Bayonnaise;BAYONNAISED KNOLL,KITA-BAYONNAISE (MYOJIN KNOLL)
Kita-Ioto;KITA-IWO-TO
Kizimen;KIZIMEN
Klyuchevskoy;KLYUCHEVSKOY
Kolbeinsey Ridge;KOLBEINSEY
Kone;KONE
Korath Range; KORATH RANGE
Koro;KORO
Korosi;KOROSI 
Kozushima;KOZUSHIMA
Krafla;KRAFLA
Krakatau;KRAKATAU ISLANDS - SERTUNG,KRAKATAU ISLANDS - ANAK KRAKATAU,KRAKATAU ISLANDS - PANJANG,KRAKATAU ISLANDS - RAKATA,KRAKATAU
Krysuvik;KRYSUVIKURHRAUN,KRISUVIK
Ksudach;KSUDACH
Kuchinoerabujima;KUTINOERABU-ZIMA,KUCHINOERABUJIMA
Kuchinoshima;KUCHINO-SHIMA
Kueishantao;KUEISHANTAO
Kujusan;OTAKE VOLCANIC ROCKS
Kurikomayama;KURIKOMA,KURIKOMAYAMA
Kurile Lake;KURILE LAKE CALDERA,PAUZHETKA
Kurose Hole;KUROSE HOLE,KUROSE
Kusatsu-Shiranesan;KUSATSUSHIRANE
Kussharo;KUSSHARO
Kuttara;KUTTARA
Kutum Volcanic Field;TAGABO HILLS,Kutum Volcanic Field
Kuwae;KUWAE,LAIKA,SARUA
Kverkfjoll;KVERKFJÖLL AREA,KVERKFJÖLL
Kyejo;KIEJO
La Palma;LA PALMA
Langjokull;LANGJÖKULL
Lanzarote;LANZAROTE
Lascar;LASCAR
Lassen Volcanic Center;LASSEN VOLCANIC CENTER
Lastarria;LASTARRIA,LASTARRIA VOLCANIC COMPLEX
Late;LATE
Lengai, Ol Doinyo;OLDOINYO LENGAI
Leskov Island;LESKOV
Liamuiga;MOUNT LIAMUIGA
Lipari;LIPARI
Ljosufjoll;LJOSUFJOELL
Llaima;LLAIMA
Loihi;LOIHI
Longonot;LONGONOT
Lonquimay;LONQUIMAY
Lopevi;LOPEVI
Los Azufres;LOS AZUFRES VOLCANIC CENTER
Ma Alalta;MA ALALTA
Maca;MACA
Macauley;MACAULEY
Macdonald;MACDONALD
Madeira;MADEIRA
Maipo;MAIPO
Makushin;MAKUSHIN
Manda Hararo;MANDA HARARO RIFT SEGMENT
Manda-Inakir;MANDA INAKIR
Manzaz Volcanic Field;MANZAZ VOLCANIC FIELD
Marion Island;MARION ISLANDS
Maroa;MAROA
Marra, Jebel;JEBEL MARRA
Marsabit;MARSABIT
Marsili;MARSILI
Maruyama;MARUYAMA
Masaya;MASAYA TRIPLE LAYER TEPHRA,MASAYA
Mascota Volcanic Field;MASCOTA VOLCANIC COMPLEX
Mashu;MASHU
Matthew Island;MATTHEW,EAST MATTHEW,WEST MATTHEW
Maug Islands;MAUG
Maule, Laguna del;LAGUNA DEL MAULE VOLCANIC FIELD
Mauna Kea;MAUNA KEA
Mauna Loa;MAUNA LOA
Mayor Island;MAYOR ISLAND,MAJOR ISLAND (TUHUA)
Mayotte;MAYOTTE (MAHORE) 
McDonald Islands;MCDONALD ISLANDS
Medicine Lake;MEDICINE LAKE VOLCANO
Mega Volcanic Field;MEGA
Megata;MEGATA - ICHINOMEGATA MAAR
Megata;MEGATA,MEGATA - ICHINOMEGATA MAAR,MEGATA - ICHINOMEGATA MAAR,MEGATA - SANNOMEGATA MAAR,MEGATA - NINOMEGATA MAAR,TOGA
Mehetia;MEHETIA
Meidob Volcanic Field;MEIDOB HILLS
Melbourne;MOUNT MELBOURNE
Melimoyu;MELIMOYU(MELYMOYU)
Menengai;MENENGAI CALDERA
Mentolat;MENTOLAT
Merapi;MERAPI
Mere Lava;MERELAVA
Meru;MERU
Michoacan-Guanajuato;MICHOACAN-GUANAJUATO VOLCANIC FIELD - SAN MIGUEL,MICHOACAN-GUANAJUATO VOLCANIC FIELD - HOYA ALVEREZ,MICHOACAN-GUANAJUATO VOLCANIC FIELD - EL ASTILLERO,MICHOACAN-GUANAJUATO VOLCANIC FIELD - CERRO PELON,MICHOACAN-GUANAJUATO VOLCANIC FIELD,MICHOACAN-GUANAJUATO VOLCANIC FIELD - LA LOMA,MICHOACAN-GUANAJUATO VOLCANIC FIELD - PARICUTIN,MICHOACAN-GUANAJUATO VOLCANIC FIELD - CERRO EL HUN,MICHOACAN-GUANAJUATO VOLCANIC FIELD - JORULLO,MICHOACAN-GUANAJUATO VOLCANIC FIELD - CERRO SAN JU
Midagahara; MIDAGAHARA,TATEYAMA
Midagahara;MIDAGAHARA,TATEYAMA
Mikurajima;MIKURAJIMA
Milna;MILNE (MILNA)
Minami-Hiyoshi;MINAMI-HIYOSHI,KO-HIYOSHI,SOUTH HIYOSHI,CENTRAL HIYOSHI
Miyakejima;MIYAKEJIMA,MIYAKE-ZIMA
Mocho-Choshuenco;MOCHO-CHOSHUENCO
Moekeshiwan [Lvinaya Past];LVINAYA PAST
Mokuyo Seamount;MOKUYO
Monowai;MONOWAI
Montagu Island;MONTAGU
Morning;MOUNT MORNING
Moua Pihaa;MOUA PIHAA
Moyorodake [Medvezhia];KUDRYAVYI (KUDRYAVY)
Muhavura;MUHAVURA
Myojinsho;MYOJIN KNOLL,MYOJIN REEF,MYOJIN RIFT,MYOJINSHO,MYOJIN DEPRESSION
Myokosan;MYOKO,MYOKOSAN
Nabro;NABRO
Nabukelevu;NAKOBALEVU
Nakanoshima;NAKANOJIMA
Namarunu;NAMARUNU
Nantaisan;NANTAI,NANTAISAN
Naruko;NARUKO
Nasudake;NASU,NASUDAKE
Negro, Cerro;CERRO NEGRO
Nejapa-Miraflores;NEJAPA
Nemo Peak;NEMO
Ngozi;NGOZI
Nightingale Island;NIGHTINGALE
Niijima;NIIJIMA,NII-ZIMA
Nikko-Shiranesan;NIKKOSHIRANE
Nikko;NIKKO
Niseko;NISEKO
Nishinoshima;NISHINOSHIMA
Nisyros;NISYROS
Niuafo'ou;NIUAFO'OU,NIUAFO^OU
Niuatahi;NIUATAHI
Norikuradake;NORIKURA,EBOSHIDAKE
North Island;NORTH ISLAND - LAKE TURKANA
North Vate;VATE TROUGH,VATE ZONE
Northern Lake Abaya Volcanic Field;ABAYA LAKE
Nosy-Be;NOSY BE ARCHIPELAGO
Numazawa;NUMAZAWA
NW Eifuku;EIFUKU
NW Rota-1;NW ROTA-1
Nyambeni Hills;NYAMBENI RANGE
Nyamuragira;NYAMURAGIRA
Nyiragongo;NYIRAGONGO
Odamoisan [Tebenkov];TEBENKOV
Ofu-Olosega;OFU
Okataina;OKATAINA CALDERA,OKATAINA MUSH,OKATAINA CALDERA - TARAWERA
Oki-Dogo;OKI,MISAKI VOLCANIC ROCKS,OKI ISLANDS
Okmok;OKMOK
Oku Volcanic Field;MOUNT OKU GROUP,NORTHERN OKU MASSIF
Ol Kokwe;OL KOKWE ISLAND
Olkaria;GREATER OLKARIA(NAIVASHA) 
Ontakesan;ONTAKE
Ontakesan;ONTAKE,ONTAKESAN
Oraefajokull;ORAEFAJOKULL,ÖRAEFAJÖKULL
Oshima-Oshima;OSHIMA-OSHIMA
Osorezan;OSORE,OSOREZAN
Osorno;OSORNO
Pacaya;PACAYA
Pagan;PAGAN,PAGAN NORTH,PAGAN,NORTHWEST PAGAN,PAGAN SOUTH,PAGAN CENTRAL VOLCANIC REGION
Paka;PAKA
Pantelleria;PANTELLERIA
Payun Matru;PAYUN MATRU VOLCANIC FIELD
Peter I Island;PETER I ISLAND
Pico;PICO
Picos Volcanic System;SAO MIGUEL
Piip;PIIP
Pilas, Las;LAS PILAS,EL HOYO
Pinatubo;PINATUBO
Planchon-Peteroa;PLANCHON-PETEROA
Pleiades, The;THE PLEIADES VOLCANIC COMPLEX,PLEIADES
Popocatepetl;POPOCATEPETL
Possession, Ile de la;ILE DE LA POSSESSION
Prestahnukur;PRESTAHNUKUR
Prevo Peak;PREVOST (PREVO)
Prince Edward Island;PRINCE EDWARD ISLANDS
Protector Seamounts;PROTECTOR SHOAL
Quetrupillan;QUETRUPILLAN VOLCANIC CENTER
Quilotoa;QUILOTOA
Rabaul;RABAUL
Raikoke;RAIKOKE
Rainier;MOUNT RAINIER
Rakkibetsudake [Demon];DEMON
Raoul Island;RAOUL
Rasshua;RASSHUA
Rausudake;RAUSU
Raususan [Mendeleev];MENDELEEV
Reporoa;REPOROA
Reventador;REVENTADOR
Reykjanes;REYKJANES PENINSULA
Rishirizan;RISHIRI
Rocard;ROCARD
Ruapehu;TONGARIRO VOLCANIC CENTER - RUAPEHU,RUAPEHU
Ruby;RUBY
Rudakov; RUDAKOV
Rumble II West;RUMBLE II (WEST)
Rumble III;RUMBLE III
Rumble IV;RUMBLE IV
Rumble V;RUMBLE V
Rungwe;RUNGWE PROVINCE,RUNGWE,RUNGWE PUMICE
Ruruidake [Smirnov];RURUI
San Cristobal-Nicaragua;SAN CRISTOBAL
San Jorge;SAO JORGE,SAN JORGE
San Pedro-Pellado;SAN PEDRO-PELLADO
Sanbesan;SANBESAN,SAMBE
Sanbesan;SANBESAN,SAMBE
Sangay;SANGAY
Santa Cruz;SANTA CRUZ (INDEFATIGABLE)
Santa Isabel;BIOKO,SANTA ISABEL,FERNANDO POO
Santa Maria;SANTA MARIA
Santiago;SANTIAGO (JAMES, SAN SALVADOR)
Santorini;SANTORINI
Sarigan;SARIGAN,BASAL SEQUENCE
Sarychev Peak;SARYCHEV,MATUA
Sashiusudake [Baransky];BARANSKY
Savai'i;SAVAI^I
Seamount X;SEAMOUNT X
Seguam;SEGUAM
Sete Cidades;SETE CIDADES
Shasta;MOUNT SHASTA
Sheveluch;SHIVELUCH (SHEVELUCH)
Shiga;SHIGA,HIGASHITATE
Shikotsu;SHIKOTSU
Shiretoko-Iozan;SHIRETOKO-IWO-ZAN
Shirinki;SHIRINKI
Shishaldin;SHISHALDIN
Silali;SILALI 
Simbo;NEW GEORGIA ISLANDS - SIMBO
Sinarka;SINARKO
Siple;MOUNT SIPLE
Snaefell;SNAEFELL
Snaefell;SNAEFELLSJÖKULL
Socorro;SOCORRO
Sodore;DERA-SODORE UNIT
Sofugan;SOFUGAN
Soputan;SOPUTAN
Soufriere Hills;SOUFRIERE HILLS
South Island;SOUTH ISLAND - LAKE TURKANA
Southern Thule;THULE,COOK
St. Andrew Strait;ST ANDREW STRAIT ISLANDS
St. Helens;MOUNT ST. HELENS
St. Paul;ST. PAUL ISLAND
Stromboli;STROMBOLI
Sturge Island;STURGE
Submarine Volcano NNE of Iriomotejima;IRIOMOTE-JIMA,YUBU VOLCANICS
Suiyo Seamount;SUIYO
Sumisujima;SUMISUJIMA,SUMISU RIFT,MINAMI-SUMISU,SUMISU CALDERA,SUMISU KNOLL NO. 1,SUMISU VOLCANIC COMPLEX
Supply Reef;SUPPLY REEF
Suswa;MOUNT SUSWA
Suwanosejima;SUWANOSE-JIMA
Ta'u;TAU ISLAND
Tafahi;TAFAHI
Tahalra Volcanic Field;TAHALGHA (TAHALRA) VOLCANIC FIELD
Taisetsuzan;TAISETSU
Takaharayama; TAKAHARA,TAKAHARAYAMA
Tambora;TAMBORA
Tangaroa;TANGAROA
Tao-Rusyr Caldera;TAO-RUSYR
Taranaki;EGMONT (MOUNT TARANAKI)
Tat Ali;TAT ALI,TAT^ALI
Taupo;TAUPO VOLCANIC CENTER,TAUPO VOLCANIC CENTER - RANGATIRA POINT IGNIMBRITE,TAUPO VOLCANIC CENTER - ORUANUI ERUPTION,TAUPO VOLCANIC CENTER - TAUPO IGNIMBRITE,TAUPO VOLCANIC CENTER - POST-ORUANUI ERUPTION
Taveuni;TAVEUNI
Teahitia;TEAHITIA
Telica;TELICA
Tenerife;TENERIFE
Tengchong;TENGCHONG VOLCANIC FIELD - QINGLIANGSHAN,TENGCHONG VOLCANIC FIELD - DAYINGSHAN,TENGCHONG VOLCANIC FIELD - HEIKONGSHAN
Tepi;TEPI
Terceira;TERCEIRA
Theistareykir;THEISTAREYKIR VOLCANIC FIELD
Thordarhyrna;THORDARHÖFDI
Three Sisters;THREE SISTERS
Tinakula;SANTA CRUZ ARCHIPELAGO - TINAKULA
Tindfjallajokull;TINDFJALLAÖKULL
Tinguiririca;TINGUIRIRICA
Toba;TOBA
Tofua;TOFUA
Tokachidake;TOKACHI FLOW,TOKACHI-DAKE
Tolbachik;TOLBACHIK
Toliman;TOLIMAN
Tomariyama [Golovnin];GOLOVNIN
Tombel Graben;TOMBEL VOLCANIC FIELD
Tongariro;TONGARIRO VOLCANIC CENTER - PIHANGA,TONGARIRO VOLCANIC CENTER - RED CRATER,TONGARIRO VOLCANIC CENTER - KAKARAMEA,TONGARIRO VOLCANIC CENTER - WAIMARINO,TONGARIRO VOLCANIC CENTER - OHAKUNE,TONGARIRO VOLCANIC CENTER - PUKEONAKE,TONGARIRO VOLCANIC CENTER - PUKEKAIKIORE,TONGARIRO VOLCANIC CENTER - TAMA LAKE,TONGARIRO VOLCANIC CENTER - NGAURUHOE,TONGARIRO VOLCANIC CENTER
Torfajokull;TORFAJÖKULL
Toshima;TOSHIMA,TOSHIMA HOLE
Towada;TOWADA,TOWADA-HAKKODA CLUSTER
Toya;TOYA CALDERA,NAKAJIMA
Traitor's Head;MOUNT RANTOP
Trident;SOUTHWEST TRIDENT
Tristan da Cunha;TRISTAN DA CUNHA
Tromen;TROMEN
Tshibinda;TSHIBINDA (CIBINDA)
Tullu Moye;TULU MOYE,TULU MOYE-HATE UNIT
Tungnafellsjokull;TUNGNAFELLSJÖKULL
Tungurahua;TUNGURAHUA
Tupungatito;TUPUNGATITO
Tutuila;TUTUILA
Tutupaca;TUTUPACA
Unzendake;UNZEN
Upolu;UPOLU
Uratman;URAT(A)MAN
Ushishur;USHISHIR
Vailulu'u;VAILULU^U
Vakinankaratra;ANKARATRA VOLCANIC COMPLEX
Vernadskii Ridge;VERNADSKII
Vestmannaeyjar;VESTMANNAEYJAR ISLANDS - HEIMAEY,VESTMANNAEYJAR ISLANDS - SURTSEY
Vesuvius;VESUVIUS (SOMMA-VESUVIUS)
Villarrica;VILLARRICA
Visoke;VISOKE
Vulcano;VULCANO,LA FOSSA DI VULCANO
Vulsini;TORRE ALFINA (VULSINI VOLCANIC DISTRICT),MONTEFIASCONE (VULSINI VOLCANIC DISTRICT),LATERA (VULSINI VOLCANIC DISTRICT),VULSINI (VULSINI VOLCANIC DISTRICT)
Wallis Islands;WALLIS (UVEA) ISLANDS
Walvis Ridge at 33°S;WALVIS GUYOT PROVINCE
Washiba-Kumonotaira;WASHIBA AND KUMONOTAIRA
Wells Gray-Clearwater;ANAHIM VOLCANIC BELT-WELLS GRAY-CLEARWATER
West Mata;MATA ISLANDS
Whakaari/White Island;WHITE ISLAND
Yakedake;YAKEDAKE,YAKEDAKE II FLOW
Yangudi;YANGUDI
Yasur;YASUR(=YASOWA)
Yellowstone;YELLOWSTONE PLATEAU VOLCANIC FIELD,YELLOWSTONE PLATEAU,YELLOWSTONE-SNAKE RIVER PLAIN VOLCANIC PROVINCE
Yokoatejima;YOKOATE-JIMA
Yokodake;YATSUGATAKE,TATESHINA
Yonemaru-Sumiyoshiike;YONEMARU
Yoteizan;YOTEI,YOTEISAN
Young Island;YOUNG ISLAND
Yufu-Tsurumi;YUFU-TSURUMI VOLCANO GROUP,YUFU-TSURUMI
Zaozan [Zaosan];ZAO,ZAOSAN
Zavaritzki Caldera;ZAVARITSKII
Zealandia Bank;ZEALANDIA BANK,NORTHWEST ZEALANDIA,WEST ZEALANDIA
Zhupanovsky;ZHUPANOVSKY
Zitacuaro-Valle de Bravo;ZITACUARO VOLCANIC FIELD - VALLE DE BRAVO,ZITACUARO VOLCANIC COMPLEX
Zubair Group;JEBEL ZUBAIR,ZUBAIR
Zuni-Bandera;ZUNI-BANDERA VOLCANIC FIELD
