GVP;GEOROC
Akutan;AKUTAN
Amak;AMAK
Aniakchak;ANIAKCHAK
Atka Volcanic Complex;ATKA,KOROVIN
Augustine;AUGUSTINE
Bobrof;BOBROF
Bogoslof;BOGOSLOF
Buldir;BULDIR
Carlisle;CARLISLE
Chagulak;CHAGULAK
Douglas;DOUGLAS
Dutton;MOUNT DUTTON
Edgecumbe;MOUNT EDGECUMBE
Emmons Lake;EMMONS LAKE VOLCANIC CENTER - PAVLOF,EMMONS LAKE VOLCANIC CENTER,EMMONS LAKE VOLCANIC CENTER - LITTLE PAVLOF,EMMONS LAKE VOLCANIC CENTER - PAVLOF SISTER,EMMONS LAKE VOLCANIC CENTER - MOUNT HAGUE,EMMONS LAKE VOLCANIC CENTER - MOUNT EMMONS,EMMONS LAKE VOLCANIC CENTER - DOUBLE CRATER
Fisher;FISHER
Fourpeaked;FOURPEAKED
Frosty;FROSTY PEAK
Great Sitkin;GREAT SITKIN
Griggs;MOUNT GRIGGS
Herbert;HERBERT
Kaguyak;KAGUYAK
Kanaga;KANAGA
Kasatochi;KASATOCHI
Katmai;KATMAI GROUP
Kiska;KISKA
Koniuji;KONIUJI
Little Sitkin;LITTLE SITKIN
Mageik;MOUNT MAGEIK
Makushin;MAKUSHIN
Martin;MOUNT MARTIN
Moffett;MOUNT MOFFETT
Okmok;OKMOK
Recheschnoi;RECHESHNOI
Redoubt;REDOUBT
Roundtop;ROUNDTOP VOLCANO
St. Paul;PRIBILOF ISLANDS - ST. PAUL
Seguam;SEGUAM
Segula;SEGULA
Semisopochnoi;SEMISOPOCHNOI
Shishaldin;SHISHALDIN
Snowy Mountain;SNOWY MOUNTAIN
Spurr;MOUNT SPURR
Takawangha;TAKAWANGHA
Tanaga;TANAGA
Trident;SOUTHWEST TRIDENT,TRIDENT
Uliaga;ULIAGA
Veniaminof;VENIAMINOF
Vsevidof;VSEVIDOF
Westdahl;WESTDAHL
Wrangell;WRANGELL
Yantarni;YANTARNI
Yunaska;YUNASKA
Martin;MOUNT MARTIN
Novarupta;NOVARUPTA,NOVARUPTA 1912 EJECTA,1.7 KM FROM NOVARUPTA,0.7 KM NE FROM NOVARUPTA,NOVARUPTA DOME
Ukinrek Maars;UKINREK MAARS,EASTERN UKINREK MAAR