GVP;GEOROC
Ambrym;AMBRYM,AMBRYM (=AMBRIM)
Lopevi;LOPEVI
Gaua;GAUA (SANTA MARIA),SANTA MARIA
Ambae;AOBA (=AMBAE)
Epi;EPI
Aneityum;ANATOM (ANEITYUM)
Mere Lava;MERELAVA
Yasur;YASUR(=YASOWA)
Hunter Island;HUNTER
Matthew Island;MATTHEW,EAST MATTHEW,WEST MATTHEW